jockey_name,ride_count_dirt,ride_count_turf,latest_date_dirt,latest_date_turf,forward_score_dirt,forward_score_turf,push_score_dirt,push_score_turf,quadrant_dirt,quadrant_turf,delta_forward,delta_push,shift_distance,quadrant_changed
アッゼニ,78,113,2017-11-26,2017-11-26,0.4257905225165968,-0.3348040378010321,-0.21556759279092017,0.1567172575620801,Q2,Q4,0.760594560317629,-0.3722848503530003,0.8468176279383437,True
アヴドゥ,57,101,2019-05-25,2019-05-26,0.7373970187710441,0.2904014821669118,-0.12722512801428698,0.9952460497262565,Q2,Q1,0.4469955366041323,-1.1224711777405436,1.2081997163558098,True
イーガン,53,67,2023-01-22,2023-01-22,1.2177885075348513,0.6052979226643365,-0.7853991751756642,0.13771148494817578,Q2,Q1,0.6124905848705149,-0.9231106601238399,1.1078258019153087,True
ウィリア,347,500,2025-08-24,2025-08-24,1.3928844678451378,0.753881202591727,-0.5962425603941939,0.002229846376660967,Q2,Q1,0.6390032652534108,-0.5984724067708549,0.8754966560019635,True
オシェア,62,56,2024-08-25,2024-08-24,0.009431760140244912,-0.9429489996213513,-0.4564662942915789,-0.8897260083080407,Q2,Q3,0.9523807597615962,0.4332597140164618,1.0462997139222114,True
オールプ,67,85,2019-08-25,2019-08-25,0.11332050552813885,-0.10376970639248535,-0.6045343301884998,-0.16841998535162436,Q2,Q3,0.21709021192062422,-0.4361143448368754,0.4871589903555497,True
キング,151,163,2025-08-17,2025-08-17,0.38440321887185047,0.3753375463293153,-0.0663699017454539,-0.11654103418152145,Q2,Q2,0.009065672542535153,0.05017113243606755,0.05098361451060434,False
クラスト,159,133,2017-08-27,2017-08-27,0.12010876061236324,0.6455458068406656,-0.8717460288611877,0.026496861130365822,Q2,Q1,-0.5254370462283025,-0.8982428899915536,1.0406365258674621,True
シュタル,500,653,2025-06-01,2025-05-31,0.05187395806723845,0.021857613682633503,-0.5939525840613792,0.08323416153301591,Q2,Q1,0.030016344384604945,-0.6771867455943951,0.6778516573255118,True
シュミノ,89,134,2017-12-24,2017-12-24,-0.150894650024652,-0.2438698548391069,-0.48078019892369667,0.3165659430060897,Q3,Q4,0.0929752048144549,-0.7973461419297864,0.8027485650940803,True
スボリッ,61,115,2009-12-05,2009-12-05,0.6084742970037215,0.43801890312646424,-1.2885672459597524,-0.08160803679567805,Q2,Q2,0.17045539387725722,-1.2069592091640744,1.218936246851253,False
スミヨン,106,178,2024-11-24,2024-11-24,0.9405885480946732,0.34354022476404134,0.10627083051900683,1.13436483046225,Q1,Q1,0.5970483233306318,-1.0280939999432432,1.1888834985444183,False
ディー,57,61,2025-06-22,2025-06-22,0.29516715296537527,-0.19970448637806693,-0.6717808609165146,-0.602780332416693,Q2,Q3,0.4948716393434422,-0.06900052849982152,0.4996588960077871,True
デムーロ,186,250,2012-03-18,2012-03-18,0.9807894623734265,0.1954538763169415,0.8105984418207589,2.0040039582976945,Q1,Q1,0.785335586056485,-1.1934055164769357,1.4286247616096623,False
ドイル,136,161,2025-01-13,2025-01-13,-0.3489951157717405,-0.6312941071593818,-0.5577438268341162,-0.007607667410430391,Q3,Q3,0.2822989913876413,-0.5501361594236858,0.6183385112088059,False
バルザロ,79,137,2025-11-29,2025-11-30,0.2285897721508094,0.13209454761800113,-0.35365139116774114,0.3007588957356899,Q2,Q1,0.09649522453280826,-0.6544102869034311,0.6614863203140848,True
バルジュ,345,396,2018-03-25,2018-03-25,0.43849858590331103,0.5167837598280973,-0.2504700459067204,0.12210972362385561,Q2,Q1,-0.07828517392478629,-0.37257976953057603,0.3807154490165735,True
ヒューイ,72,70,2020-05-03,2020-05-03,1.1740889838728341,0.4933178927363263,-0.9444525787692682,0.5522544849686287,Q2,Q1,0.6807710911365078,-1.496707063737897,1.6442570702813195,True
ビュイッ,144,226,2024-12-01,2024-12-01,0.012487966957520871,-0.27397082354838326,-0.3139712480457487,0.03966507675289943,Q2,Q4,0.2864587905059041,-0.35363632479864815,0.4551014050463923,True
ピンナ,131,167,2012-10-14,2012-10-14,0.5635194891578166,-0.17800003284051416,-0.5727985149438998,0.4659446149405255,Q2,Q4,0.7415195219983307,-1.0387431298844252,1.2762595705367794,True
フォーリ,164,173,2022-11-13,2020-02-23,0.2567126991656494,-0.08098663579724699,-0.06527485623735695,-0.2766819722858933,Q2,Q3,0.3376993349628964,0.21140711604853635,0.3984141181614198,True
ブノワ,158,125,2022-11-26,2022-11-26,-0.09192852924849342,0.005243944861133489,-0.061236321999250956,-0.3366764520672739,Q3,Q2,-0.0971724741096269,0.275440130068023,0.29207833705442027,True
ベリー,430,391,2018-11-24,2018-11-24,0.31728763426771445,-0.16018632263377858,0.23719911731053012,1.295140314656824,Q1,Q4,0.477473956901493,-1.057941197346294,1.1606984778837606,True
ペリエ,130,170,2012-11-24,2012-11-25,0.34728343230716924,0.5453338670199056,-0.5427693491372991,-0.1445389240073311,Q2,Q2,-0.19805043471273637,-0.39823042512996804,0.4447599871718441,False
ホワイト,114,193,2017-08-19,2017-08-20,0.670216393903903,0.7277112024729288,-0.012673589448642462,-0.1677392821044356,Q2,Q2,-0.05749480856902578,0.15506569265579312,0.16538144409579272,False
ボウマン,81,94,2018-12-23,2018-12-23,0.8896106664891237,-0.2926005247826474,0.10850452225567656,1.0129572518758638,Q1,Q4,1.182211191271771,-0.9044527296201873,1.4885086633559201,True
マーカン,191,218,2025-12-13,2025-12-07,0.7017874846988134,0.14179015684666038,-0.004156222456562761,0.6783404505881027,Q2,Q1,0.559997327852153,-0.6824966730446654,0.8828356109257197,True
マーフィ,162,169,2020-02-02,2020-02-02,1.313601936005052,0.7535801229240825,0.1430360182085577,1.2986529768380648,Q1,Q1,0.5600218130809694,-1.155616958629507,1.284163146254637,False
ミナリク,259,202,2020-03-31,2020-03-31,-0.03005481284442716,-0.18321738217787684,-0.30926340662122753,0.11707737872615262,Q3,Q4,0.15316256933344968,-0.4263407853473802,0.45301792226736975,True
ムルザバ,194,186,2024-04-14,2024-04-14,0.383019267026173,-0.11707800654588883,-0.0389599215895675,0.5437971687074876,Q2,Q4,0.5000972735720618,-0.5827570902970551,0.7679212911006568,True
ムーア,309,465,2024-12-22,2024-12-22,0.6640108166223775,-0.10064961958851129,0.2570848606180543,0.8707312091984809,Q1,Q4,0.7646604362108887,-0.6136463485804267,0.9804424632951784,True
メンディ,73,147,2018-08-26,2018-08-26,0.7887109944927776,0.4361696045022613,-0.8796800329503428,0.2036212236822076,Q2,Q1,0.3525413899905163,-1.0833012566325504,1.1392221224493966,True
モレイラ,267,439,2025-09-28,2025-09-28,1.7656428564018405,0.4991211531643531,0.7431652250357272,1.3161541585518441,Q1,Q1,1.2665217032374874,-0.5729889335161169,1.3901055868902632,False
リスポリ,123,135,2023-08-27,2023-08-27,0.6995458173995843,0.33946373783566025,0.15310969716105047,0.8125846875089194,Q1,Q1,0.3600820795639241,-0.6594749903478689,0.7513763151160688,False
ルメート,132,94,2025-02-23,2025-02-23,-0.047444147368225026,-0.2314435210926412,0.01652631113103801,0.32389839777143353,Q4,Q4,0.1839993737244162,-0.3073720866403955,0.35823647103086553,False
ルメール,3352,4937,2025-12-07,2025-12-07,1.0159134715091622,0.33521633871239753,0.49287446575225324,1.0875643444986436,Q1,Q1,0.6806971327967647,-0.5946898787463903,0.9038830889452091,False
レーン,302,431,2025-11-29,2025-11-30,0.7877221694881633,0.37091255626841396,0.42977365109076265,0.9819492512247915,Q1,Q1,0.41680961321974935,-0.5521756001340288,0.6918295650344614,False
ヴェロン,109,102,2023-08-27,2023-10-15,0.20972646848739854,-0.16155519877292523,-0.4418564376251345,0.33342445224377865,Q2,Q4,0.37128166726032374,-0.7752808898689132,0.8595990545827396,True
三津谷隼,514,323,2021-02-14,2021-04-25,-1.3749109677520708,-0.8605609806846497,-0.7644972195463362,-0.4638319514576495,Q3,Q3,-0.5143499870674211,-0.3006652680886867,0.5957814302503042,False
三浦皇成,5870,5991,2025-12-07,2025-11-29,0.3683534144137873,0.14330501995576714,0.3017071893016675,0.23414082404625608,Q1,Q1,0.22504839445802013,0.06756636525541143,0.2349723250980002,False
上村洋行,1042,1376,2014-02-23,2014-02-23,-0.0074944577924241675,-0.09547393053027006,-0.6224986532423535,-0.36983860104696287,Q3,Q3,0.0879794727378459,-0.25266005219539067,0.26753969723875914,False
上野翔,256,184,2025-11-24,2025-11-24,-0.46958428677105296,-0.5619726828712067,-0.7236243659437754,-0.5512578491630581,Q3,Q3,0.09238839610015376,-0.17236651678071735,0.1955654157592191,False
下原理,1263,57,2025-09-17,2018-07-08,1.9597406804026014,-0.6002028938870732,1.3905371657315384,-0.629855510235853,Q1,Q3,2.5599435742896746,2.0203926759673916,3.261180410319195,True
中井裕二,1912,1478,2025-12-07,2025-11-09,-0.2996132032410651,-0.3748456836791359,-0.14615320571645815,-0.32240513492796097,Q3,Q3,0.07523248043807079,0.17625192921150282,0.1916368144789547,False
中村将之,712,675,2022-09-24,2016-02-14,-0.6946998382610894,-0.7578821447835447,0.3360921526382732,-0.2360041085061026,Q4,Q3,0.06318230652245527,0.5720962611443758,0.5755746136452435,True
中舘英二,2186,2442,2015-01-25,2014-05-25,1.3617948778840665,0.7954359190017336,-1.0473557220107266,-0.792624658202051,Q2,Q2,0.5663589588823329,-0.2547310638086756,0.6210075564559416,False
中谷雄太,1242,1318,2020-05-24,2020-05-24,0.08509887239543434,-0.1433221712421803,-0.5990253339075464,-0.40609485083385133,Q2,Q3,0.22842104363761465,-0.1929304830736951,0.2989955592906798,True
丸山元気,4355,4720,2025-12-21,2025-12-21,0.08124144393041943,-0.09214848804283027,0.21236123457693923,0.09535273500111982,Q1,Q4,0.1733899319732497,0.11700849957581941,0.2091770959801113,True
丸田恭介,4139,4123,2025-12-07,2025-12-07,-0.8158232296844646,-0.8350225340740763,0.6298152028971225,0.39950206204346844,Q4,Q4,0.019199304389611704,0.230313140853654,0.23111199912362845,False
丹内祐次,4589,5703,2025-12-13,2025-12-07,0.18045746073280658,0.33991096665027387,-0.04538153776590269,-0.057895388837797976,Q2,Q2,-0.1594535059174673,0.012513851071895288,0.15994379330884131,False
亀田温心,1279,1155,2025-12-21,2025-12-14,-0.3949670164181378,-0.5511203361096407,-0.3558261147487294,-0.24169611632866797,Q3,Q3,0.15615331969150292,-0.11412999842006141,0.19341539698286675,False
二本柳壮,840,850,2018-03-31,2018-03-10,-1.253652002578337,-0.9405931798610329,0.1704408035969921,0.365314414691879,Q4,Q4,-0.31305882271730423,-0.19487361109488688,0.368756763710587,False
五十嵐冬,657,143,2022-11-10,2019-08-18,1.220045622776813,-0.6377621179527129,0.4207510410117057,0.29742140799982975,Q1,Q4,1.857807740729526,0.12332963301187594,1.8618968284771822,True
五十嵐雄,110,76,2024-10-14,2019-06-08,-0.764190531542875,-0.37567922301696827,-1.1238505113947705,-1.6653625931013791,Q3,Q3,-0.3885113085259067,0.5415120817066086,0.6664655816219897,False
井上敏樹,1102,732,2025-11-08,2025-11-02,-0.8390191440081395,-0.6973088404740353,-0.9324562956426813,-1.229063888629512,Q3,Q3,-0.1417103035341042,0.2966075929868307,0.3287215757220225,False
今村聖奈,823,603,2025-12-14,2025-12-13,-0.4971748768280771,-0.8200623396193245,0.11331123804394869,-0.020567073000902963,Q4,Q3,0.3228874627912474,0.13387831104485165,0.3495421516727149,True
今野忠成,517,53,2023-07-05,2015-11-22,0.027047381605466415,-1.4669368025943084,0.6431979762132579,0.14436208604992704,Q1,Q4,1.4939841841997747,0.49883589016333085,1.5750638044073355,True
伊藤工真,1774,1550,2025-11-24,2025-10-04,-1.1214284044067155,-0.7894159727053116,-0.02430888447074811,-0.6762370165250766,Q3,Q3,-0.33201243170140393,0.6519281320543285,0.7316027229091794,False
伊藤直人,224,114,2012-02-26,2012-01-28,-0.8113572724824745,-0.9958865211053374,-0.19309307933744924,-0.4515057474097283,Q3,Q3,0.1845292486228629,0.2584126680722791,0.3175344872884711,False
伴啓太,881,622,2024-08-17,2023-05-06,-0.9570838811899521,-1.3994217764332977,-0.13813073282733995,-0.5233696783875587,Q3,Q3,0.44233789524334555,0.3852389455602187,0.5865763878171897,False
佐々木大,1090,1205,2025-12-13,2025-12-20,0.2352126527745931,0.15308958908750686,-0.735307138767247,-0.35147494437406174,Q2,Q2,0.08212306368708625,-0.3838321943931852,0.3925192365248373,False
佐久間寛,320,185,2021-02-27,2018-03-25,-0.6903382964996341,-0.2254540274993181,-0.5313497011208133,-0.999324261855661,Q3,Q3,-0.464884269000316,0.4679745607348478,0.6596344237977062,False
佐藤友則,683,199,2020-06-05,2020-03-20,0.9200672885362594,-1.6717898438464545,0.05377677962536482,-1.0901991804184377,Q1,Q3,2.5918571323827138,1.1439759600438024,2.8330909607425747,True
佐藤哲三,1124,1503,2012-11-18,2012-11-24,-0.12990255926591865,0.037447070098841594,0.682564187301641,0.4977686875953506,Q4,Q1,-0.16734962936476025,0.18479549970629044,0.24930959700785732,True
佐藤翔馬,288,174,2025-12-07,2025-11-29,-1.136458410049619,-1.23850100697445,-0.7696020498637952,-0.7660759843182693,Q3,Q3,0.10204259692483109,-0.003526065545525925,0.10210350006437043,False
佐藤聖也,217,106,2009-10-10,2009-11-22,-1.188524021111971,-0.9203060513774802,-0.06392472959553838,-0.54933912331488,Q3,Q3,-0.26821796973449075,0.4854143937193416,0.5545881471131602,False
内田博幸,6948,5867,2025-12-06,2025-12-13,0.25130849348521944,-0.14995540921274778,0.27978117245389705,0.42926019087193334,Q1,Q4,0.4012639026979672,-0.1494790184180363,0.4282017007855332,True
加藤士津,143,75,2011-12-25,2011-11-13,-0.945094564320004,-0.3316834571297713,-0.9145855031588793,-1.373509952465726,Q3,Q3,-0.6134111071902327,0.4589244493068466,0.7660840923788587,False
加藤祥太,1462,1017,2025-11-22,2025-10-18,-0.13192470258853287,-0.7971748647708334,-0.6229734718730543,-0.5715425019846355,Q3,Q3,0.6652501621823006,-0.051430969888418776,0.66723528305032,False
勝浦正樹,4432,4660,2024-04-14,2024-04-13,-0.04743923263402433,-0.4178566867448231,0.38514789762598667,0.38619659305402754,Q4,Q4,0.3704174541107988,-0.001048695428040869,0.37041893859794284,False
北村友一,4511,5531,2025-12-13,2025-12-06,-0.13408237918905686,-0.2355446745201621,0.09226654976684041,0.19041219333721796,Q4,Q4,0.10146229533110523,-0.09814564357037754,0.141163609778512,False
北村宏司,5481,5646,2025-11-23,2025-11-29,0.26732811684839985,-0.13299224642009805,0.24663163367325178,0.41551549831249135,Q1,Q4,0.4003203632684979,-0.16888386463923957,0.4344860791589382,True
北村浩平,87,55,2010-09-12,2010-12-18,-0.8777141098850868,-0.7076059753387368,-0.9522133104422407,-1.2709503611589354,Q3,Q3,-0.17010813454635,0.3187370507166948,0.3612894752666011,False
千葉直人,363,268,2012-11-17,2012-10-13,-1.2816731484251587,-1.3821015701297228,-0.2883176312277624,-0.3971947319478537,Q3,Q3,0.10042842170456412,0.10887710072009132,0.14812187869211854,False
南田雅昭,162,72,2011-02-26,2010-12-04,-1.5637019669857544,-0.6849512318196789,-0.9944489754529539,-1.2768585313030625,Q3,Q3,-0.8787507351660755,0.28240955585010863,0.9230157158956579,False
原優介,1596,1168,2025-12-13,2025-12-13,-0.5807112310229343,-0.8256624597904023,0.060584903733100215,-0.44602114943291316,Q4,Q3,0.244951228767468,0.5066060531660134,0.5627173336402016,True
原田和真,1021,880,2025-12-13,2025-12-06,-0.7060399643011713,-0.5900114635864956,-0.7028686207480913,-0.9613499843149766,Q3,Q3,-0.11602850071467574,0.25848136356688534,0.28332883420063665,False
古川吉洋,3779,3786,2025-12-13,2025-12-07,-0.5047966520074306,-0.324597249756039,0.6865650571298969,-0.025046339795658623,Q4,Q3,-0.18019940225139164,0.7116113969255555,0.7340726154857566,True
古川奈穂,578,375,2025-11-30,2025-12-14,-0.6033344508183025,-0.5057279647756229,-0.15289301786757079,-0.3592863515008853,Q3,Q3,-0.09760648604267963,0.2063933336333145,0.22830951422547524,False
吉原寛人,550,55,2025-11-17,2024-08-10,1.373190401914084,-0.9455980665819907,1.164507431898731,-0.2816133519788714,Q1,Q3,2.3187884684960745,1.4461207838776025,2.732772453606985,True
吉村誠之,681,531,2025-12-20,2025-12-14,-0.11853123436326213,0.1058209739309733,-0.42702647853674824,-0.22331476985813212,Q3,Q2,-0.2243522082942354,-0.20371170867861613,0.3030385678742251,True
吉永護,53,53,2008-12-28,2008-12-27,-0.8152581106779246,0.016782098575034418,-0.539255662386029,-1.855963582130836,Q3,Q2,-0.8320402092529591,1.316707919744807,1.557565618435514,True
吉田稔,808,351,2012-09-18,2012-09-02,0.09723665412771981,-1.238987583896469,0.8411682208920207,0.4996365955825435,Q1,Q4,1.3362242380241889,0.3415316253094772,1.3791805775060266,True
吉田豊,5300,5068,2025-12-07,2025-11-30,-0.3586616176978517,-0.5974005542922233,0.7335412923159148,0.4582018764011838,Q4,Q4,0.23873893659437156,0.275339415914731,0.3644284206843322,False
吉田隼人,5321,6406,2025-12-07,2025-12-07,0.15434580603840312,0.028817726140751544,0.07995651699853323,0.09022510076895596,Q1,Q1,0.12552807989765158,-0.010268583770422723,0.12594738050249948,False
和田竜二,7727,7556,2025-12-13,2025-12-14,0.6188180512066488,0.4952379403504174,-0.2370211625394491,-0.13353088078616945,Q2,Q2,0.12358011085623138,-0.10349028175327965,0.16119020508893103,False
和田翼,201,101,2025-08-30,2025-06-28,-1.0194470834043903,-1.399109042828234,-0.41651709244651397,-0.8440860327741807,Q3,Q3,0.37966195942384373,0.42756894032766674,0.571802765091667,False
和田陽希,123,98,2025-12-06,2025-12-14,-0.8373483934902946,-0.6480133115105112,-0.7345506595027136,-0.9844874623540003,Q3,Q3,-0.18933508197978333,0.24993680285128672,0.3135541080703843,False
嘉藤貴行,1579,1362,2021-12-28,2021-12-26,-0.3876458780930643,-0.3852001358463943,-0.7011219309369391,-1.0411511279872057,Q3,Q3,-0.0024457422466699907,0.3400291970502666,0.34003799273285057,False
四位洋文,1913,2989,2020-02-29,2020-02-29,-0.35567193423162174,-0.37426137899963363,1.2645762120079276,0.8718321221702107,Q4,Q4,0.018589444768011887,0.3927440898377169,0.39318378343878785,False
団野大成,2123,2045,2025-12-07,2025-12-14,0.17289701668051172,0.02297080167992201,0.16505425849520083,0.1597810360589146,Q1,Q1,0.1499262150005897,0.0052732224362862234,0.15001892153747007,False
国分優作,3632,2931,2025-12-06,2025-12-21,-0.4915624958547237,-0.4437316178565091,-0.07252307809894845,-0.4586825529544314,Q3,Q3,-0.047830877998214616,0.38615947485548296,0.38911043793599587,False
国分恭介,4202,3329,2025-12-06,2025-12-14,-0.562338430522342,-0.4945868731696884,0.5931666232852408,-0.13943455364083662,Q4,Q3,-0.06775155735265359,0.7326011769260774,0.7357273665952515,True
土田真翔,143,72,2025-10-18,2025-08-30,-1.4775726266933915,-1.6379767265112917,-0.5148586307431977,-0.9953345687120493,Q3,Q3,0.16040409981790016,0.4804759379688516,0.5065437811339101,False
土谷智紀,58,71,2009-10-25,2009-10-31,-0.6734095204933364,-0.5869016407477541,-1.2809868704706853,-0.8003365747072985,Q3,Q3,-0.08650787974558227,-0.4806502957633868,0.4883731361116286,False
坂井瑠星,2679,2592,2025-12-14,2025-12-07,0.4143177729491718,0.4275332150977244,-0.30817277959387446,-0.4345940170081775,Q2,Q2,-0.01321544214855258,0.12642123741430306,0.1271100986568153,False
坂井英光,423,74,2019-06-11,2014-02-02,0.4954807236804748,-0.7305289775991667,0.7802234598382944,0.3108874670532257,Q1,Q4,1.2260097012796414,0.46933599278506877,1.3127741853629442,True
城戸義政,1652,881,2025-12-06,2025-11-23,-0.5388879008779507,-0.23930075517930174,-0.8070328260979982,-1.1923201981486162,Q3,Q3,-0.29958714569864897,0.385287372050618,0.4880561616551264,False
塚田祥雄,135,132,2007-06-24,2007-06-24,0.20152492653092297,-0.33581231627228586,0.4053518585237495,0.747356003692236,Q1,Q4,0.5373372428032088,-0.3420041451684865,0.6369443836127152,True
大下智,399,252,2018-05-27,2017-06-25,-1.5062426155890984,-1.7057390396711247,0.11042842270751149,0.21836533799063362,Q4,Q4,0.19949642408202628,-0.10793691528312213,0.22682416295966257,False
大久保友,142,73,2025-11-02,2025-11-01,-0.7780834735195041,-0.8670784430331286,-1.6008282815376353,-0.9176486691809473,Q3,Q3,0.08899496951362451,-0.683179612356688,0.6889517307755061,False
大塚海渡,74,57,2024-04-20,2022-11-12,-1.0650986399225066,-0.4582916122457814,-0.9692506969088971,-1.0492610560319622,Q3,Q3,-0.6068070276767252,0.08001035912306509,0.6120591690391247,False
大庭和弥,1253,907,2024-02-24,2024-02-03,-1.382296280067601,-0.955279123131296,-0.26665084729922656,-0.5664755672464646,Q3,Q3,-0.42701715693630504,0.2998247199472381,0.5217648081361992,False
大江原圭,104,61,2021-08-15,2021-06-26,-1.326433086928088,-1.7391400506995118,-1.1285981019243727,-1.145300590735193,Q3,Q3,0.4127069637714238,0.01670248881082026,0.4130448051699753,False
大江原比,84,60,2024-11-30,2024-10-14,-1.484284872525504,-0.8093795295546846,-0.4447751820008049,-0.7652869973151415,Q3,Q3,-0.6749053429708194,0.3205118153143366,0.7471445949256749,False
大野拓弥,5827,5796,2025-11-02,2025-11-02,-0.294702949306934,-0.26916032870188206,0.4375922613498364,0.07020638551034698,Q4,Q4,-0.02554262060505197,0.36738587583948945,0.36827273484976103,False
太宰啓介,4272,3885,2025-12-13,2025-11-02,-0.69055054300468,-0.39852981823039113,0.44348658999637647,-0.12671313793509031,Q4,Q3,-0.29202072477428886,0.5701997279314668,0.6406276870623215,True
安藤光彰,643,696,2012-02-29,2012-01-21,-0.6510458547575149,-0.6382181957989416,-0.19898750276916277,-0.15461270352955944,Q3,Q3,-0.012827658958573296,-0.04437479923960333,0.04619168368778698,False
安藤勝己,951,1347,2012-11-11,2012-11-24,0.8225273559953021,0.08683585466171753,1.2938114935804745,1.107685369921342,Q1,Q1,0.7356915013335846,0.1861261236591325,0.75887081841565,False
安部幸夫,897,227,2016-07-20,2011-12-25,1.0960731989734718,-1.3802548920191948,0.290285363761982,-0.6965542478895371,Q1,Q3,2.4763280909926664,0.9868396116515191,2.665718145896881,True
宮崎北斗,2202,1936,2025-09-27,2025-06-01,-0.22415230911822634,-0.22511778875254834,-0.25449044058749626,-0.8382241929275233,Q3,Q3,0.0009654796343220029,0.583733752340027,0.5837345507779134,False
富田暁,1973,1685,2025-12-14,2025-12-07,0.06298980462056902,-0.42542885519374124,-0.34990061231918085,-0.16986251261814048,Q2,Q3,0.48841865981431026,-0.18003809970104037,0.5205444309554841,True
小原義之,90,67,2009-11-01,2009-09-21,-0.9058467871926646,-1.2634081563821118,1.3569718719902668,0.4312144942735679,Q4,Q4,0.35756136918944714,0.925757377716699,0.9924096206373308,False
小坂忠士,732,358,2025-04-13,2023-07-15,-0.5877549142526178,-0.4825356651664007,-0.1335376978221659,-0.8528217683270387,Q3,Q3,-0.10521924908621716,0.7192840705048729,0.7269392439952093,False
小島太一,431,274,2019-07-21,2018-06-30,-0.39425790813090267,-0.36432951020730253,-0.5488596857572179,-0.9699242930425338,Q3,Q3,-0.029928397923600136,0.4210646072853159,0.4221268914800509,False
小崎綾也,1712,1321,2025-12-14,2025-12-07,-0.46620818109867135,-0.35525746926415,-0.30646078607952854,-0.8441055171699559,Q3,Q3,-0.11095071183452132,0.5376447310904273,0.5489735124082809,False
小林久晃,65,87,2010-08-15,2010-09-05,-1.2048151166939423,-1.1579954589307373,-0.960778197097926,0.3333860961388075,Q3,Q4,-0.04681965776320496,-1.2941642932367334,1.2950109259160703,True
小林凌大,953,526,2025-12-13,2025-11-08,-0.6506848053330192,-1.0141809842814296,-0.3723418613909869,-0.6784813562295625,Q3,Q3,0.36349617894841035,0.3061394948385756,0.4752376904351264,False
小林勝太,480,320,2024-10-06,2024-10-06,-0.14278489193282792,-0.6606932209849243,-0.3354926641331369,-0.989451329534717,Q3,Q3,0.5179083290520964,0.6539586654015801,0.834200799181678,False
小林徹弥,1406,854,2019-05-19,2019-04-29,-0.6696313507153939,-0.7950013556059925,-0.28372225814870883,-0.7351437930076624,Q3,Q3,0.12537000489059857,0.4514215348589536,0.46850724675364647,False
小林慎一,201,119,2012-12-16,2012-12-16,-0.0320092427758482,-0.8873439954601247,-1.012813749241326,-0.6385182528335667,Q3,Q3,0.8553347526842765,-0.3742954964077594,0.9336458952839687,False
小林淳一,748,696,2012-03-25,2012-03-25,-1.1034779041280152,-0.854220777570016,-0.3098332825880823,-0.47336598307490396,Q3,Q3,-0.24925712655799914,0.16353270048682167,0.298114171532423,False
小林美駒,481,361,2025-12-07,2025-10-11,-0.08228962709039683,0.0013016912752134603,-0.29613487438299385,-0.6038851036709774,Q3,Q2,-0.08359131836561029,0.3077502292879835,0.3189007872880016,True
小林脩斗,825,479,2025-12-21,2025-11-16,-0.6543321226889904,-0.3407933045277638,-0.37415083879009436,-0.8798117271684363,Q3,Q3,-0.31353881816122664,0.5056608883783419,0.5949785916564668,False
小沢大仁,1316,1083,2025-12-13,2025-12-06,-0.293046310755099,-0.19182185341596925,-0.5520952958972938,-0.9808791904127451,Q3,Q3,-0.10122445733912977,0.4287838945154513,0.44057010674742675,False
小牧太,4200,3800,2025-10-17,2024-07-20,-0.18321057188592796,-0.6209199807019203,0.4638078906129828,0.3743867944044884,Q4,Q4,0.4377094088159924,0.08942109620849437,0.44675010801697,False
小野寺祐,546,362,2023-12-16,2025-03-01,-1.3791018153897308,-1.0850956447538946,-0.030321696235209264,-0.30728249650099543,Q3,Q3,-0.2940061706358361,0.2769608002657862,0.40391448755375575,False
小野次郎,528,554,2010-10-24,2010-10-24,-0.43676538922045016,-0.055797080035362365,-0.34315489716262326,-0.7806958520479516,Q3,Q3,-0.3809683091850878,0.4375409548853283,0.5801542379447981,False
尾島徹,445,51,2015-07-29,2014-12-28,1.2893678821611803,-0.8708476452596349,0.8495954543217019,-1.0978432512986211,Q1,Q3,2.160215527420815,1.947438705620323,2.9084443671932507,True
山口勲,496,64,2025-09-04,2019-08-17,2.134838721080123,-0.9418127720508617,1.1913144746277624,-0.5367273430478829,Q1,Q3,3.0766514931309845,1.7280418176756454,3.528726814847087,True
山崎亮誠,170,118,2014-02-24,2014-02-18,-1.1257496730107888,-1.181150594279082,-0.1707873670727211,-1.3731325286809803,Q3,Q3,0.055400921268293324,1.2023451616082592,1.2036208496533145,False
山本聡哉,293,95,2025-09-09,2025-08-31,1.9032127383361919,1.042282199352922,0.7360777538418112,1.8040776589967418,Q1,Q1,0.8609305389832698,-1.0679999051549305,1.3717963370577149,False
山田敬士,958,629,2023-08-20,2023-09-09,-1.0445308980795853,-1.0831156217196611,-0.23101693803811452,-1.0419740949288663,Q3,Q3,0.03858472364007581,0.8109571568907518,0.8118745538632877,False
岡田祥嗣,821,439,2025-11-15,2025-06-29,-0.9372931179395343,-0.8996583063828214,0.5699646335366977,-0.4078298886661256,Q4,Q3,-0.03763481155671289,0.9777945222028233,0.9785185264933703,True
岡部誠,1500,168,2025-05-22,2024-05-04,1.7742800636918148,-1.0300767509531037,0.9996638407708216,-0.10858512075365356,Q1,Q3,2.8043568146449185,1.1082489615244753,3.015399294382996,True
岩崎祐己,218,128,2012-02-26,2011-12-24,-0.9970063994582318,-0.7438825038049824,-0.356638608652771,0.0720186282371039,Q3,Q4,-0.25312389565324933,-0.4286572368898749,0.4978139544937841,True
岩崎翼,1437,1080,2020-07-19,2020-07-19,-0.31336611327910274,0.16102898589465522,-0.6766669286974315,-1.065787778887379,Q3,Q2,-0.474395099173758,0.3891208501899476,0.6135680452668859,True
岩田康誠,7007,6658,2025-12-06,2025-12-14,0.4763253492396529,-0.12979672945010107,0.5995138450905968,0.4662148989318672,Q1,Q4,0.606122078689754,0.13329894615872961,0.6206066252645198,True
岩田望来,2501,2376,2025-12-07,2025-12-14,0.5730912853119559,0.13836151060291416,-0.18887346208260086,0.143596637230232,Q2,Q1,0.4347297747090417,-0.3324700993128329,0.5472899998681313,True
岩部純二,1191,709,2025-12-07,2025-10-18,-1.1661281341381649,-1.1361186435748136,-0.4191463744718702,-1.0163584241910468,Q3,Q3,-0.030009490563351227,0.5972120497191766,0.5979655523971695,False
嶋田純次,1307,1361,2025-12-07,2025-11-30,-0.6354267821007358,-0.39431006778043765,-0.5668437595818531,-0.7732147319947928,Q3,Q3,-0.24111671432029813,0.20637097241293978,0.3173739878743666,False
川原正一,1168,93,2025-11-11,2016-02-20,1.7609948618754483,-1.028245943459127,1.668068333488141,-0.5932694461578335,Q1,Q3,2.7892408053345754,2.2613377796459746,3.5907537960430616,True
川又賢治,1171,1045,2025-11-29,2025-12-13,0.021738402111136743,-0.39517292549760213,-0.4169870153420108,-0.4003909777808097,Q2,Q3,0.4169113276087389,-0.01659603756120115,0.4172415170512326,True
川島信二,2197,1906,2024-02-27,2024-02-24,-0.7809441400432605,-0.6024591519531117,0.8109962331679739,0.23576399696825193,Q4,Q4,-0.1784849880901488,0.575232236199722,0.6022864904153781,False
川田将雅,4972,6326,2025-12-07,2025-12-14,0.8841981857210186,0.7549743254380682,0.3029056767879035,0.4654936955246674,Q1,Q1,0.1292238602829504,-0.16258801873676393,0.2076864701976847,False
川端海翼,405,211,2025-12-14,2025-12-06,-0.7725463325470912,-0.7904893421146175,-0.39815082365258936,-0.5143223937248222,Q3,Q3,0.01794300956752637,0.11617157007223289,0.11754907607203069,False
川須栄彦,3487,3021,2025-10-05,2025-09-27,0.028686943944645004,-0.16832972373138994,-0.2255321613362305,-0.2827506201082807,Q2,Q3,0.19701666767603493,0.05721845877205023,0.20515730395581339,True
左海誠二,396,72,2022-10-12,2017-07-30,0.44250351262847687,-0.4593265398721988,0.4413848136991254,0.13741432483525884,Q1,Q4,0.9018300525006757,0.3039704888638666,0.9516803568916979,True
平野優,605,378,2017-12-28,2017-12-23,-0.24543467092015003,-0.50950349677946,-1.1653445801997178,-1.1935171104787763,Q3,Q3,0.26406882585931,0.028172530279058527,0.2655673855220913,False
幸英明,8317,7854,2025-11-22,2025-11-16,0.10657040913871015,0.06420543931742335,0.6731225175638882,0.04465636708851673,Q1,Q1,0.04236496982128679,0.6284661504753715,0.6298924455502628,False
後藤浩輝,2372,2438,2015-02-22,2015-02-22,0.8709494726932475,0.5158036259134019,0.15288703047772034,0.5998036704318578,Q1,Q1,0.3551458467798456,-0.44691663995413744,0.5708441604789084,False
御神本訓,552,80,2025-10-13,2024-06-09,0.7731368295397486,-0.6064204434682743,1.1724309752816593,-0.3896973176753787,Q1,Q3,1.379557273008023,1.562128292957038,2.0840880675168703,True
戸崎圭太,5815,5650,2025-12-13,2025-12-07,0.5181870388452414,0.1623311295584217,0.4198722530670278,0.6191831114527157,Q1,Q1,0.35585590928681976,-0.19931085838568785,0.4078703794648357,False
斎藤新,1678,1790,2025-12-21,2025-12-07,0.1834086249619501,-0.12322552107287717,-0.30413071068048986,-0.4204030196193337,Q2,Q3,0.30663414603482725,0.11627230893884383,0.3279386365472628,True
服部寿希,319,180,2023-04-29,2023-02-19,-1.4183745339646971,-1.0864376564266462,-0.8607450921570774,-1.4998333588622208,Q3,Q3,-0.3319368775380509,0.6390882667051434,0.7201499172463297,False
服部茂史,763,75,2025-09-24,2025-08-17,1.0874135099595512,-0.7868776686480109,0.8982773110853566,0.686441473087455,Q1,Q4,1.874291178607562,0.21183583799790162,1.886224229636126,True
木幡初也,1529,1145,2025-12-07,2025-11-15,-0.7576153877908027,-0.3653557500506916,-0.4585488682646869,-1.0595405398095643,Q3,Q3,-0.39225963774011113,0.6009916715448774,0.7176758409381697,False
木幡初広,2074,2104,2018-03-24,2018-03-24,0.03153971775790555,-0.21142578790237296,-0.6619045903777625,-0.2781170366331101,Q2,Q3,0.24296550566027852,-0.3837875537446524,0.45423025367104214,True
木幡巧也,2935,2256,2025-12-07,2025-12-07,0.11101471136913393,-0.12857660949721494,-0.5606165014634603,-0.4123981130845514,Q2,Q3,0.23959132086634888,-0.14821838837890894,0.2817315951186924,True
木幡育也,1040,747,2025-11-30,2025-11-29,-0.6769478527665782,-0.6337966073910919,-0.5690799162258159,-1.1641894617494248,Q3,Q3,-0.04315124537548631,0.595109545523609,0.5966719376263407,False
木村健,982,85,2017-05-24,2012-05-20,2.0458388712312803,-0.5573436702166332,1.8709617083991854,0.28609019499778143,Q1,Q4,2.6031825414479135,1.584871513401404,3.047683884212809,True
杉原誠人,1971,2069,2025-12-06,2025-11-29,-0.9912776385532324,-0.5283806266104917,-0.08518549872098098,-0.44101715010790365,Q3,Q3,-0.4628970119427407,0.3558316513869227,0.5838576948146375,False
村上忍,364,104,2024-12-11,2024-07-02,2.233979066516333,1.3841037814633745,0.2993593748183226,1.1138820780633878,Q1,Q1,0.8498752850529585,-0.8145227032450653,1.1771725592475797,False
村田一誠,1831,1740,2020-07-26,2020-07-05,-0.8119653799892335,-0.6826660734774922,-0.13713531258478304,-0.3496311045462207,Q3,Q3,-0.12929930651174126,0.21249579196143767,0.24874238132199308,False
松山弘平,6229,6480,2025-12-07,2025-12-14,0.39316101070399073,0.1991641263983881,-0.23984813820918316,-0.35945822521799853,Q2,Q2,0.19399688430560263,0.11961008700881537,0.22790648089630483,False
松岡正海,5038,5355,2025-12-07,2025-11-23,-0.0348509075298,0.33511264090637816,0.45041033893893506,-0.3027763642601818,Q4,Q2,-0.3699635484361782,0.7531867031991168,0.8391443481591488,True
松本大輝,777,618,2025-12-13,2025-12-07,-0.1524530470148448,-0.6023609881448122,-0.5941273415059826,-0.3794066572428353,Q3,Q3,0.4499079411299674,-0.21472068426314728,0.4985199371562189,False
松田大作,2562,2833,2023-12-10,2023-12-10,0.21127802143255717,-0.06405161846309616,-0.5931285923411351,-0.15503421528739955,Q2,Q3,0.27532963989565334,-0.43809437705373555,0.5174293128642509,True
松若風馬,3459,3509,2025-12-13,2025-12-07,0.09902210485977742,0.17411866317417024,-0.2285044647511743,-0.46373450204727773,Q2,Q2,-0.07509655831439283,0.23523003729610342,0.2469264334108303,False
柄崎将寿,110,84,2010-12-19,2010-12-19,-1.624267239485218,-1.735004485840866,0.6692808582935909,-0.18480136997953506,Q4,Q3,0.11073724635564797,0.854082228273126,0.8612312061127485,True
柴原央明,269,299,2011-12-11,2011-12-11,-0.5561866392697089,-0.07929026177998372,0.15175984739670872,0.182336906544518,Q4,Q4,-0.4768963774897252,-0.030577059147809282,0.47787562336757783,False
柴山雄一,4171,3996,2023-12-28,2023-12-28,-0.488737555571339,-0.3678548601601699,0.26490158807389996,0.332920352363863,Q4,Q4,-0.12088269541116914,-0.06801876428996306,0.13870536523654392,False
柴田善臣,3835,4399,2025-11-30,2025-11-29,-0.05484556907039113,-0.2443463899509615,0.4385438865936427,0.33442361757294686,Q4,Q4,0.18950082088057038,0.10412026902069582,0.21622116347701045,False
柴田大知,4007,4927,2025-11-23,2025-12-14,-0.3925081999027833,0.46830789045918453,-0.06622889533816986,-0.31853748973329027,Q3,Q2,-0.8608160903619678,0.25230859439512043,0.8970306395166806,True
柴田未崎,342,273,2022-06-26,2022-06-04,-1.285263740308624,-0.8010836371085485,-0.2866958789698576,-0.9069022337816899,Q3,Q3,-0.48418010320007554,0.6202063548118323,0.7868203701505294,False
柴田裕一,317,222,2025-12-07,2025-12-06,-1.1960812708692514,-0.7850942435019943,-0.24811319825567124,-0.5403771532385836,Q3,Q3,-0.4109870273672571,0.29226395498291236,0.5043099801178124,False
桑村真明,595,54,2025-08-31,2025-08-31,1.4438676380072175,-1.4405449835218203,-0.005370188622769473,-0.16313745390233367,Q2,Q3,2.8844126215290378,0.1577672652795642,2.888724057647218,True
梶晃啓,228,164,2014-11-16,2015-01-18,-0.473932218208785,0.03596092616822363,-0.877757745620644,-1.2036442857037601,Q3,Q2,-0.5098931443770086,0.3258865400831161,0.6051388730613968,True
森一馬,543,364,2024-02-29,2023-09-02,-0.29340388130932,-0.1287654926770695,-1.3070630579470892,-1.4593305816074276,Q3,Q3,-0.1646383886322505,0.15226752366033836,0.22425699046646383,False
森泰斗,794,70,2024-11-25,2024-09-07,1.5102718960961685,-1.1066447312788859,0.8954948759273749,0.08697404782780269,Q1,Q4,2.6169166273750544,0.8085208280995722,2.738970347430371,True
森田誠也,97,56,2025-12-06,2025-12-07,-0.5179165905814064,-0.9575172724205825,-0.4195932768652707,-1.4973039403979758,Q3,Q3,0.4396006818391761,1.077710663532705,1.1639196852728164,False
森裕太朗,1142,560,2025-03-30,2024-07-21,-1.1417857424699625,-1.0505930227266997,0.39062275389561313,-0.2828807160456577,Q4,Q3,-0.0911927197432627,0.6735034699412707,0.6796492008066407,True
横山典弘,4254,4987,2025-12-13,2025-12-07,-0.02665697232868519,-0.24990963775912975,0.7044960022980076,0.3280857829533294,Q4,Q4,0.22325266543044456,0.37641021934467817,0.43763729942602786,False
横山和生,3000,2783,2025-12-06,2025-12-07,-0.4542605013676349,-0.18997783104648158,0.8027816159396884,-0.10881416078602277,Q4,Q3,-0.2642826703211533,0.9115957767257112,0.9491323353338207,True
横山武史,2812,3032,2025-12-13,2025-12-14,0.42096917642657394,0.3770354959633241,-0.2382942051418775,0.04455078720608135,Q2,Q1,0.04393368046324986,-0.28284499234795885,0.2862367166793314,True
横山琉人,957,748,2025-12-07,2025-12-06,-0.531075722091167,-0.7508105568018456,-0.462197285702221,-0.4246859324585794,Q3,Q3,0.21973483471067856,-0.03751135324364163,0.22291365863826848,False
横山義行,151,101,2014-04-19,2013-11-16,-1.27651817673832,-0.940790533148218,-0.9907045668242028,-0.940850486964017,Q3,Q3,-0.335727643590102,-0.04985407986018586,0.33940901571594756,False
橋木太希,143,92,2025-12-06,2025-12-06,-0.7413955863864986,-0.8293801274605181,-1.3825845602142603,-0.7194612796854359,Q3,Q3,0.08798454107401954,-0.6631232805288244,0.6689347985023023,False
橋本美純,227,199,2010-02-21,2009-12-19,-0.3171622569669673,-0.5531627933032651,-0.5223618423745225,0.19692035057574095,Q3,Q4,0.2360005363362978,-0.7192821929502635,0.7570093303562119,True
武士沢友,3836,2852,2024-03-10,2024-03-10,-1.5180946091617487,-1.1897234529972156,0.8009507203594823,-0.14368905045970798,Q4,Q3,-0.32837115616453305,0.9446397708191903,1.0000859527131478,True
武幸四郎,1535,1640,2017-02-26,2017-02-26,-0.372969212690715,-0.597961365282822,0.4068151051377221,-0.004074093268398176,Q4,Q3,0.22499215259210698,0.4108891984061203,0.4684564036224225,True
武英智,200,185,2012-09-29,2012-07-07,-0.8265083266857025,-0.8923787322578006,-0.2070181070671124,-0.19170259997663924,Q3,Q3,0.06587040557209811,-0.015315507090473163,0.06762747287656865,False
武藤雅,2098,1591,2025-12-06,2025-11-30,-0.20767877168352494,-0.6482466779518071,0.04636996836922227,-0.1896618150252986,Q4,Q3,0.4405679062682822,0.23603178339452088,0.49981104710281854,True
武豊,5082,6490,2025-12-07,2025-12-07,0.7806779572275232,0.09344043475905973,0.564652362468064,0.6526553405773259,Q1,Q1,0.6872375224684635,-0.08800297810926183,0.692849144074445,False
水口優也,1579,747,2025-06-29,2025-06-29,-0.5169491554903072,-0.9320795015949268,-0.5223428110101147,-0.8999156968678437,Q3,Q3,0.41513034610461963,0.37757288585772897,0.561154602932093,False
水沼元輝,283,173,2025-12-07,2025-12-07,-1.0377777526919147,-1.0388052284402338,-0.6415233910422272,-1.6870040971296838,Q3,Q3,0.0010274757483190733,1.0454807060874565,1.0454812109777678,False
永島まな,1184,943,2025-12-14,2025-12-06,-0.5868903489839324,-0.703456158109267,-0.21969788649602803,-0.43179213317605014,Q3,Q3,0.11656580912533454,0.2120942466800221,0.24201561381822043,False
永野猛蔵,1239,968,2024-10-06,2024-10-06,-0.47824899979190505,-0.4774479712730041,-0.06877329154305878,-0.2413869408060906,Q3,Q3,-0.0008010285189009592,0.17261364926303183,0.17261550787397134,False
江田照男,4911,4020,2025-12-21,2025-11-24,-0.25343837472474745,-0.3390282568793524,-0.548982581049181,-0.7121700206801472,Q3,Q3,0.08558988215460495,0.16318743963096627,0.18427091029391868,False
池崎祐介,167,115,2012-04-15,2012-05-12,-1.2730487147115148,-1.390402233118095,-0.8546358266116634,-0.20070926190080535,Q3,Q3,0.11735351840658015,-0.6539265647108581,0.6643732387122073,False
池添謙一,4173,5391,2025-12-07,2025-12-06,0.5092902849209293,0.15427815186506286,-0.14437128012422695,0.24791415157185762,Q2,Q1,0.35501213305586643,-0.39228543169608454,0.5290760574226163,True
河原田菜,411,317,2025-12-07,2025-12-06,-1.0022125100332742,-1.0142455557616217,-0.887201040339394,-0.8400057173804989,Q3,Q3,0.012033045728347513,-0.04719532295889506,0.04870516090410655,False
泉谷楓真,949,885,2025-12-06,2025-11-08,-0.40703510769133616,-0.2772214656322166,-0.22377693792062367,-0.11988798597253603,Q3,Q3,-0.12981364205911955,-0.10388895194808764,0.16626634055492193,False
津村明秀,4591,5200,2025-12-06,2025-12-07,0.33514881056349766,0.1987804681593156,0.0684650677920518,0.057347390936834865,Q1,Q1,0.13636834240418205,0.011117676855216939,0.13682078624507776,False
浜中俊,4875,5994,2025-11-08,2025-11-02,0.6363988327831489,0.24860399899707386,0.24502062146663314,0.4708251921046933,Q1,Q1,0.38779483378607504,-0.22580457063806017,0.44874551499954657,False
渡辺薫彦,1228,1254,2012-12-16,2012-12-16,-0.6402636775385654,-0.6918222904774336,0.2859249597958064,-0.28125326545168905,Q4,Q3,0.05155861293886821,0.5671782252474955,0.5695168388757954,True
熊沢重文,1575,1297,2023-02-19,2021-06-27,-0.2796501822848365,-0.26186408749995205,-0.8042290443244036,-0.7679593567207287,Q3,Q3,-0.017786094784884465,-0.03626968760367488,0.04039598255476727,False
生野賢一,154,138,2010-12-19,2010-12-19,-0.9658683441807875,-0.3824376703699006,-0.41894675423887406,0.14167857736039963,Q3,Q4,-0.5834306738108869,-0.5606253315992737,0.8091304675849385,True
田中健,1858,1264,2025-12-13,2025-11-08,-0.16869922869862056,-0.08818107734356752,-0.8421087360369034,-1.162890158787623,Q3,Q3,-0.08051815135505304,0.32078142275071964,0.3307323598918182,False
田中克典,569,415,2012-02-25,2011-12-18,-0.5334545469691847,-0.7445732094467284,-0.023547041324679392,-0.4667455749780163,Q3,Q3,0.21111866247754374,0.4431985336533369,0.4909134647560352,False
田中剛,127,91,2008-11-15,2009-05-31,0.07444129737229008,0.7005603902215597,-1.0863337705207587,-0.6551894409215859,Q2,Q2,-0.6261190928492696,-0.4311443295991728,0.7602042826608598,False
田中勝春,4142,4268,2023-12-28,2023-12-28,-0.6069593403924958,-0.32051115712131956,0.3313794272433524,-0.00027832209303925264,Q4,Q3,-0.2864481832711762,0.33165774933639164,0.4382344399910146,True
田中博康,1365,1502,2017-02-26,2017-02-25,-0.9603105265149321,-0.9588840417857608,-0.18828039877641567,-0.23494332962009593,Q3,Q3,-0.0014264847291712845,0.046662930843680256,0.04668472955479816,False
田口貫太,1104,769,2025-12-14,2025-12-14,0.09193313017366578,-0.3744288631688115,-0.6726072664922385,-0.7440198489840893,Q2,Q3,0.4663619933424773,0.0714125824918509,0.47179790776615815,True
田山旺佑,118,91,2025-12-14,2025-12-07,-0.40282264441929017,-0.03467765831926997,-0.6212930286245848,-1.00078997230155,Q3,Q3,-0.3681449861000202,0.3794969436769653,0.5287236149925042,False
田嶋翔,254,317,2012-01-21,2012-01-15,0.30777098149142146,0.12818853591221846,-0.7828055458061743,-0.7382095076898155,Q2,Q2,0.179582445579203,-0.044596038116358816,0.1850369189537135,False
田村太雅,383,154,2023-09-09,2016-02-14,-0.8751914245352511,-1.1618632763918055,-0.6104568843563032,-0.5649826125666402,Q3,Q3,0.2866718518565544,-0.04547427178966301,0.2902561972493721,False
田辺裕信,5751,5714,2025-08-30,2025-08-31,0.029111169019672232,-0.27389011837273364,0.8689172659832199,0.8240191734467858,Q1,Q4,0.3030012873924059,0.044898092536434175,0.3063096780626847,True
田面木博,157,111,2012-11-11,2012-11-24,-1.3357246087147718,0.14079464246136117,-0.4388384626578978,-1.8553062926103552,Q3,Q2,-1.476519251176133,1.4164678299524573,2.046091447708032,True
畑端省吾,282,111,2020-12-27,2020-07-04,-0.46235284712305297,-1.0895055032359617,-0.8914024562626984,-1.1787537026964594,Q3,Q3,0.6271526561129088,0.287351246433761,0.6898486739108168,False
的場勇人,1729,1621,2025-12-13,2025-11-16,-0.6003470429991268,-0.27145275148619746,-0.7720601150889381,-1.0143804313847136,Q3,Q3,-0.3288942915129293,0.24232031629577544,0.40852244819529365,False
石川裕紀,2742,2583,2025-11-30,2025-11-24,-0.11903512986804028,-0.1420584133743824,-0.48756781508450076,-0.6796339923567563,Q3,Q3,0.023023283506342127,0.1920661772722555,0.19344117461231175,False
石橋守,703,625,2013-02-24,2013-02-23,-0.9735566082842978,-0.6280176834425375,0.24252391897036396,-0.3666963868502633,Q4,Q3,-0.3455389248417603,0.6092203058206273,0.7003902694962133,True
石橋脩,4598,5227,2025-12-13,2025-11-29,0.0851064144595663,0.21593475419765915,0.29874093697253545,-0.04118841083237462,Q1,Q2,-0.13082833973809282,0.3399293478049101,0.3642362090425626,True
石田拓郎,313,197,2025-12-06,2025-11-29,-1.2289028615495956,-1.1818742992429452,-0.029658671371708065,-0.5111648787125089,Q3,Q3,-0.04702856230665042,0.48150620734080085,0.4837973887696716,False
石神深一,279,238,2024-12-14,2025-09-13,-1.1335002540897055,-1.0989557973870507,-0.18267089702508166,-0.6694849548128674,Q3,Q3,-0.03454445670265471,0.48681405778778575,0.48803816075045936,False
石神深道,287,225,2025-12-14,2025-12-14,-0.939805474842025,-0.4763392055335362,-0.20087099760169078,-0.48944081360297786,Q3,Q3,-0.46346626930848883,0.28856981600128706,0.5459610988831946,False
福永祐一,5238,6441,2023-02-19,2023-02-19,0.7430627757073741,0.2913379316988758,0.2293511188602279,0.5881820135076726,Q1,Q1,0.4517248440084983,-0.3588308946474447,0.5769011576067322,False
秋山真一,3580,3987,2024-02-25,2024-02-25,-0.34424391898140355,-0.300397357355872,0.43129146117548744,0.24344626116932191,Q4,Q4,-0.04384656162553158,0.18784520000616553,0.19289463479251534,False
秋山稔樹,1194,925,2025-12-07,2025-12-14,-0.2773281646363174,-0.45489394644266595,-0.24509400245015606,-0.6002663205688359,Q3,Q3,0.17756578180634858,0.35517231811867983,0.3970856109534775,False
穂苅寿彦,65,65,2011-04-10,2011-01-29,-0.19993752014350002,0.355329337752059,-1.6497151468754412,-1.300824677164817,Q3,Q2,-0.5552668578955591,-0.3488904697106241,0.6557788067116129,True
竹之下智,444,286,2023-05-06,2023-01-28,-0.9573565592108524,-0.9856797554514564,0.27390665110329093,-0.42210719591071844,Q4,Q3,0.028323196240603976,0.6960138470140094,0.696589892749331,True
義英真,1227,726,2019-09-07,2019-10-05,-0.840835222306763,-0.6888424893803236,-0.086071556423919,-0.9778570624537327,Q3,Q3,-0.15199273292643944,0.8917855060298137,0.9046453336127361,False
舟山瑠泉,125,110,2025-12-14,2025-12-07,0.11804358132022269,0.042672952460018676,-0.5689076486663996,-0.11595145810598348,Q2,Q2,0.07537062886020401,-0.45295619056041614,0.45918410497510326,False
船曳文士,245,106,2010-11-07,2010-11-20,-0.85822724281807,-1.4556597446733508,-0.9127468619242571,-0.7391606198027604,Q3,Q3,0.5974325018552809,-0.17358624212149676,0.6221396770235146,False
花田大昂,334,157,2016-01-31,2015-12-20,-1.3744436112188418,-1.2756325863373537,-0.7456037848886679,-0.9980706179273418,Q3,Q3,-0.09881102488148819,0.2524668330386739,0.27111458909971575,False
芹沢純一,570,652,2012-12-16,2012-12-16,-0.6053035964189236,-0.07510672289332604,0.06742394027182631,-0.36389483103936315,Q4,Q3,-0.5301968735255975,0.43131877131118945,0.6834797781805345,True
草野太郎,263,141,2025-04-05,2024-09-14,-0.9857882917180572,-1.2219834515061598,-0.32372203420452533,0.1858980035581287,Q3,Q4,0.23619515978810268,-0.5096200377626541,0.5616945223130952,True
荻野極,1891,2030,2025-12-07,2025-12-07,-0.16970519419469693,-0.05692858708940004,-0.6844889039837535,-0.7471171230537099,Q3,Q3,-0.11277660710529688,0.06262821906995641,0.12899944547964906,False
荻野琢真,1763,1441,2025-11-30,2025-12-14,-0.9480553442283302,-0.9049029982884329,-0.026720008161805794,-0.39034007111375146,Q3,Q3,-0.04315234593989725,0.36362006295194566,0.366171647101866,False
菅原勲,205,59,2011-10-17,2011-10-31,1.5674218120504328,0.028927815910358465,1.0973109930288711,0.7298954720341925,Q1,Q1,1.5384939961400743,0.36741552099467867,1.581757864284811,False
菅原明良,2360,2206,2025-12-07,2025-12-07,-0.16482535756770783,-0.24185524332236377,-0.21921726986538695,-0.2898088726329494,Q3,Q3,0.07702988575465594,0.07059160276756246,0.10448338471100885,False
菅原隆一,640,365,2025-12-06,2025-11-24,-1.2397966599730592,-1.2866182061395053,-0.9596192538828651,-1.8286675984459493,Q3,Q3,0.04682154616644607,0.8690483445630842,0.8703087281954914,False
菊沢一樹,2314,1753,2025-12-07,2025-12-06,-0.387390910312688,-0.5100972616864395,-0.20002057370004833,-0.3806952778922311,Q3,Q3,0.12270635137375152,0.1806747041921828,0.21840374859967795,False
菊沢隆徳,472,591,2010-02-28,2010-02-27,-0.2426383398355523,-0.42766874058722015,0.6497164358152047,0.36277514149754436,Q4,Q4,0.18503040075166785,0.2869412943176603,0.3414257687800043,False
菱田裕二,3415,3655,2025-12-20,2025-12-13,-0.16661680960331163,-0.4405890199536798,0.2740380502845219,0.06474325979064112,Q4,Q4,0.2739722103503681,0.20929479049388078,0.34476815597172517,False
藤井勘一,588,453,2022-04-16,2022-04-16,-0.8494667398314998,-0.940119702555342,0.06715625417931596,-0.25274889457803235,Q4,Q3,0.09065296272384227,0.3199051487573483,0.3325015245860859,True
藤岡佑介,4419,5337,2025-12-13,2025-11-22,-0.019792900161759056,-0.019819396675473853,0.8883237210540801,0.34494638395030686,Q4,Q4,2.649651371479725e-05,0.5433773371037732,0.5433773377497932,False
藤岡康太,4490,5437,2024-04-06,2024-04-06,0.2546332247920007,0.014549146963883808,0.07632679835674754,0.2394198992858589,Q1,Q1,0.24008407782811686,-0.1630931009291114,0.2902408034671393,False
藤懸貴志,2092,1494,2025-12-07,2025-12-07,-0.6234491407863471,-0.9163920147821498,0.23728829939133533,-0.207894399859894,Q4,Q3,0.29294287399580277,0.44518269925122933,0.5329194715316108,True
藤田伸二,2265,2623,2015-09-05,2015-09-06,0.6477772180955875,0.43752882090383716,-0.15296556085229632,-0.18199003874888592,Q2,Q2,0.21024839719175037,0.0290244778965896,0.21224233517107197,False
藤田菜七,1863,1452,2024-10-06,2024-10-06,-0.6928529482598598,-0.8810186670317296,-0.3818093401240781,-0.838965654345078,Q3,Q3,0.18816571877186983,0.4571563142209999,0.49436649699697893,False
蛯名正義,4058,4815,2021-02-28,2021-02-28,0.4702564298572922,0.2128316059468441,0.35163578309218096,0.575912041634999,Q1,Q1,0.2574248239104481,-0.22427625854281802,0.3414196539616461,False
西塚洸二,656,585,2025-12-06,2025-12-14,-0.2188049384414543,-0.18444832075615347,-0.5312514712818004,-0.8566272624528897,Q3,Q3,-0.03435661768530082,0.3253757911710893,0.3271846308416491,False
西村太一,934,633,2025-08-31,2025-10-19,-0.807579766702478,-0.8478703777690609,-0.20776035100362072,-0.39193892285286225,Q3,Q3,0.04029061106658294,0.18417857184924152,0.18853402787970364,False
西村淳也,2316,2309,2025-12-07,2025-12-07,0.47049794236360526,0.6140372390844685,-0.5047197614327656,-0.255962790459042,Q2,Q2,-0.14353929672086324,-0.24875697097372362,0.28719951307608793,False
西田雄一,2052,1794,2020-12-27,2020-12-27,-0.5250827502478359,-0.44536657069051433,-0.34990951249698526,-0.5097721521749897,Q3,Q3,-0.07971617955732158,0.15986263967800446,0.1786357546742382,False
西谷凜,141,58,2022-04-23,2022-04-17,-0.9253411202188323,-1.2101104613017624,0.39007287346101555,0.7307543168452495,Q4,Q4,0.28476934108293006,-0.34068144338423395,0.444024124893199,False
角田大和,1122,910,2025-11-22,2025-11-16,0.22674245946971433,0.2250795426456629,-0.5339046464671463,-0.3383079254169553,Q2,Q2,0.0016629168240514247,-0.195596721050191,0.19560378978422158,False
角田大河,829,626,2024-07-28,2024-07-28,0.07494663524436361,-0.248435912223318,-0.1866822669217426,-0.1940594208258132,Q2,Q3,0.32338254746768164,0.007377153904070594,0.32346668206542034,True
角田晃一,577,718,2010-02-28,2010-02-28,-0.49927835862415015,-0.07015906735056354,0.6424162181532632,0.055172796754888224,Q4,Q4,-0.4291192912735866,0.587243421398375,0.7273226258812624,False
赤木高太,816,897,2011-11-20,2011-11-20,-0.28669496404411915,-0.6500957055463747,0.22158460434407268,-0.433035399005757,Q4,Q3,0.3634007415022556,0.6546200033498297,0.7487238794843666,True
遠藤汰月,114,84,2025-12-07,2025-11-30,-0.578272238220679,-1.5581079027133176,-0.6931565313583904,-0.8034996082367136,Q3,Q3,0.9798356644926386,0.11034307687832323,0.9860291699674539,False
郷原洋司,398,334,2010-12-26,2010-12-26,-0.9366949990424812,-0.8336876514872522,-0.7074074745612697,-0.7628901029815225,Q3,Q3,-0.103007347555229,0.055482628420252755,0.11699929789013087,False
酒井学,4181,3758,2025-12-07,2025-12-14,-0.397164023787822,-0.2273929301508017,-0.45637485023119767,-0.5526627897350999,Q3,Q3,-0.1697710936370203,0.09628793950390219,0.1951757964723522,False
野中悠太,2261,1516,2025-12-11,2025-11-29,-0.7689603530469347,-0.5453603842076032,-0.2905994072428995,-0.5938609088377802,Q3,Q3,-0.22359996883933142,0.3032615015948807,0.3767817463924331,False
野元昭嘉,580,564,2012-12-16,2012-12-15,-0.5859205820052251,-0.001222337290063687,-0.4346392717048081,-0.906618165766796,Q3,Q3,-0.5846982447151614,0.4719788940619879,0.7514227264416269,False
金折知則,100,71,2010-09-11,2010-12-19,-1.2745657134766435,-0.5037697716289387,-0.1393886154734571,-1.6809541077300314,Q3,Q3,-0.7707959418477048,1.5415654922565742,1.7235285175723507,False
鈴来直人,246,208,2012-12-16,2012-11-18,-1.5685613478180123,-1.1886241680089156,-0.21146978743093053,-0.3399851508106261,Q3,Q3,-0.3799371798090967,0.12851536337969555,0.40108410492801266,False
長岡禎仁,1503,1035,2025-12-21,2025-12-07,-0.6346355051110587,-0.5754384868865118,-0.3652251104353249,-0.8055068626511838,Q3,Q3,-0.05919701822454693,0.44028175221585886,0.44424352364547115,False
長浜鴻緒,477,282,2025-12-13,2025-12-14,-0.6913723175230764,-0.885304943068648,-0.21700054483928932,-1.1451527522004035,Q3,Q3,0.19393262554557167,0.9281522073611141,0.948196384342562,False
長谷川浩,856,968,2012-09-17,2012-09-16,-0.45425617078436986,0.04970545039088763,-0.2019634556683871,-0.3373839818033388,Q3,Q2,-0.5039616211752574,0.13542052613495167,0.5218390887201348,True
難波剛健,181,216,2025-01-18,2022-02-27,-1.0039289878864193,-1.1072710361810942,-0.5905888227932798,-0.43818011952192015,Q3,Q3,0.10334204829467497,-0.1524087032713597,0.18414122780788744,False
青木芳之,69,61,2012-04-15,2012-03-04,-0.40985069092083803,-1.440312221896346,1.0573613970550262,-0.095675456936572,Q4,Q3,1.0304615309755079,1.1530368539915983,1.5463974112378842,True
飯田祐史,508,595,2013-02-24,2013-02-23,-0.5299733059382065,-0.3037571589339527,-0.15796976937944365,-0.04288863881362527,Q3,Q3,-0.22621614700425374,-0.11508113056581838,0.25380585449858534,False
高井彰大,88,50,2010-09-12,2010-08-28,-1.0656208185084048,-1.202947956480006,-0.9236263812960219,-1.1874065943649976,Q3,Q3,0.13732713797160123,0.2637802130689757,0.29738652227393464,False
高倉稜,2849,2673,2025-11-15,2025-11-02,-0.8569331131191019,-0.7641665548180665,-0.21349570114765298,-0.4136495728018782,Q3,Q3,-0.09276655830103542,0.2001538716542252,0.2206064520298431,False
高山太郎,243,153,2010-01-30,2010-01-30,-1.740158570672958,-1.4840425853473969,0.3543082358820496,-0.3009661854528246,Q4,Q3,-0.25611598532556124,0.6552744213348742,0.7035481257135416,True
高杉吏麒,550,499,2025-12-21,2025-12-20,-0.02120815953036939,-0.06535147103811074,-0.1135104586849101,-0.683880138210423,Q3,Q3,0.044143311507741353,0.570369679525513,0.5720753475486475,False
高松亮,235,58,2025-10-07,2025-08-19,1.8314618507248717,1.0851382935950782,0.5495179755661665,0.362173384944955,Q1,Q1,0.7463235571297935,0.18734459062121156,0.7694782957055368,False
高橋亮,244,271,2012-02-26,2012-01-28,-0.7822552644515078,-1.0064421734004494,0.2831337668760583,0.09223420417426997,Q4,Q4,0.22418690894894155,0.19089956270178832,0.29445273505915176,False
高橋智大,120,134,2011-09-04,2011-08-28,-1.4709842934573705,-1.185417971620486,0.7525153959659653,0.35743486627786575,Q4,Q4,-0.28556632183688446,0.39508052968809954,0.48747999867284436,False
高田潤,223,199,2025-11-29,2024-01-14,-1.0501343017926335,-1.0550623658493765,-0.17969291322691774,-0.5033010232915586,Q3,Q3,0.0049280640567430645,0.32360811006464085,0.32364563138555735,False
高野容輔,84,53,2010-09-25,2010-11-13,-1.1257553974980428,-1.0710811795533928,-1.4746106110943733,-1.9832170168673526,Q3,Q3,-0.054674217944649994,0.5086064057729793,0.5115366517671707,False
鮫島克也,299,95,2021-08-11,2017-08-27,1.608837461670075,-0.9612131272250427,0.8269637433758958,0.58756895931526,Q1,Q4,2.5700505888951177,0.23939478406063586,2.581176067631881,True
鮫島克駿,3440,3536,2025-12-07,2025-12-13,0.3468136853674341,0.008160239287000824,0.07241910303116522,-0.05051231206267778,Q1,Q2,0.3386534460804333,0.122931415093843,0.3602752966262434,True
鮫島良太,2442,2357,2025-11-30,2025-12-14,-0.5935282331224058,-0.8576837534029429,0.2566915291612549,0.1603844782848404,Q4,Q4,0.2641555202805371,0.09630705087641453,0.2811639858573526,False
鷲頭虎太,376,310,2025-12-06,2025-12-06,-0.702781693094935,-0.976667239256678,-0.19419373615622507,0.20390825888799397,Q3,Q4,0.273885546161743,-0.39810199504421906,0.48321681557506224,True
鷹野宏史,198,133,2011-12-10,2011-07-30,-1.005738992663216,-1.6758993815856111,-0.025166492258662743,-0.17122345386946103,Q3,Q3,0.670160388922395,0.14605696161079829,0.6858918157520134,False
黛弘人,2675,2813,2025-12-06,2025-12-07,-0.8047360471168656,-0.4175190560397463,-0.021189712676503714,-0.5689294247447382,Q3,Q3,-0.3872169910771193,0.5477397120682345,0.6707874405170465,False
Ｃ．デム,591,663,2025-12-13,2025-11-30,1.0475238235438806,0.33904751954445206,0.17949200000723303,0.9030804867975394,Q1,Q1,0.7084763039994286,-0.7235884867903064,1.0126791059087652,False
Ｍデムー,254,205,2012-03-18,2011-12-24,0.5011518190286359,-0.4168546618141465,0.6079251533910041,1.274136073652611,Q1,Q4,0.9180064808427824,-0.666210920261607,1.1342719643653223,True
Ｍ．デム,2645,3712,2025-12-07,2025-07-13,0.31934113435928296,0.17223458621996088,1.0553675820464665,1.1553812803597188,Q1,Q1,0.14710654813932209,-0.10001369831325224,0.1778850087999574,False
